contains_bug,ns,nd,nf,entropy,la,ld,lt,fix,ndev,age,nuc,exp,rexp,sexp,glm_probability,rf_probability
False,1.0,5.0,5.0,2.321928094887362,5.0,5.0,423.4,False,5.0,6.257615740740741,1.0,12.0,3.625,11.0,0.0,0.0
False,1.0,5.0,5.0,2.321928094887362,10.0,10.0,423.4,False,5.0,1.1129675925925926,2.0,11.0,4.375,10.0,0.0,0.0
False,1.0,4.0,4.0,1.9504809632118367,12.0,7.0,422.0,False,5.0,14.36377025462963,2.0,10.0,3.4285714285714284,9.0,0.0,0.0
False,1.0,5.0,5.0,2.068144667641655,5.0,19.0,234.2,False,6.0,1.1484953703703704,1.0,9.0,2.4642857142857144,8.0,0.0,0.0
False,1.0,5.0,6.0,1.7716447046036543,57.0,5.0,242.83333333333334,False,6.0,12.879494598765431,2.0,8.0,1.4999999999999998,7.0,0.0,0.0
False,1.0,8.0,10.0,2.345097209288781,68.0,40.0,255.8,False,6.0,4.763314814814815,1.0,7.0,1.1666666666666665,6.0,0.0,0.0
False,2.0,25.0,43.0,4.357167295386534,2119.0,83.0,122.81395348837209,True,7.0,59.71127099483203,12.0,4.0,2.16025641025641,2.0,0.0,0.0
False,1.0,1.0,1.0,0.0,2.0,2.0,5.0,True,1.0,235.70555555555555,1.0,3.0,1.1602564102564101,2.0,0.0,0.0
False,1.0,1.0,1.0,0.0,0.0,11.0,13.0,False,1.0,235.70447916666666,1.0,2.0,0.16025641025641024,1.0,0.0,0.0